{"duration": 7.668944835662842, "input_args": {"imgs": "<nibabel.nifti2.Nifti2Image object at 0x7fdaa4d9a260>", "extraction_function": "<nilearn.maskers.nifti_labels_masker._ExtractionFunctor object at 0x7fdaa573cbb0>", "parameters": "{'background_label': 0, 'detrend': False, 'dtype': None, 'high_pass': None, 'high_variance_confounds': False, 'labels': None, 'labels_img': <nibabel.nifti1.Nifti1Image object at 0x7fdaa56fa650>, 'low_pass': None, 'mask_img': None, 'reports': True, 'smoothing_fwhm': None, 'standardize': True, 'standardize_confounds': True, 'strategy': 'mean', 't_r': None, 'target_shape': None, 'target_affine': None}", "confounds": "None", "sample_mask": "None", "copy": "True", "dtype": "None"}}