{"duration": 14.790727853775024, "input_args": {"imgs": "<nibabel.nifti2.Nifti2Image object at 0x7ffb4b69b1c0>", "extraction_function": "<nilearn.maskers.nifti_labels_masker._ExtractionFunctor object at 0x7ffb491f7ca0>", "parameters": "{'background_label': 0, 'detrend': False, 'dtype': None, 'high_pass': None, 'high_variance_confounds': False, 'labels': None, 'labels_img': '/home/brainlab-qm/nilearn_data/schaefer_2018/Schaefer2018_400Parcels_7Networks_order_FSLMNI152_1mm.nii.gz', 'low_pass': None, 'mask_img': None, 'reports': True, 'smoothing_fwhm': None, 'standardize': True, 'standardize_confounds': True, 'strategy': 'mean', 't_r': None, 'target_shape': None, 'target_affine': None}", "confounds": "None", "sample_mask": "None", "copy": "True", "dtype": "None"}}